[
  {
    "id": "028cc274-c01a-4c5c-8970-926e30e4fa47",
    "data": [
      {
        "text": "whose website is this",
        "userDefined": false
      }
    ],
    "isTemplate": false,
    "count": 0,
    "updated": 0
  },
  {
    "id": "16cc51a3-7bbe-45e7-9986-be97f860bdd6",
    "data": [
      {
        "text": "who made you",
        "userDefined": false
      }
    ],
    "isTemplate": false,
    "count": 0,
    "updated": 0
  },
  {
    "id": "4919984b-42db-440b-96f0-4c0337a840f5",
    "data": [
      {
        "text": "about developers",
        "userDefined": false
      }
    ],
    "isTemplate": false,
    "count": 0,
    "updated": 0
  },
  {
    "id": "e2eccd90-b54d-44a3-b6b1-8c797d1d31b5",
    "data": [
      {
        "text": "how often is the site updating",
        "userDefined": false
      }
    ],
    "isTemplate": false,
    "count": 0,
    "updated": 0
  },
  {
    "id": "f520d83e-a57c-4994-90e5-52e6182f950c",
    "data": [
      {
        "text": "where is the information coming from",
        "userDefined": false
      }
    ],
    "isTemplate": false,
    "count": 0,
    "updated": 0
  },
  {
    "id": "3994b52c-0951-4150-8220-07017f730b81",
    "data": [
      {
        "text": "where is the data coming from?",
        "userDefined": false
      }
    ],
    "isTemplate": false,
    "count": 0,
    "updated": 0
  },
  {
    "id": "859f928f-5f46-45d9-bcc7-2f56def01b9b",
    "data": [
      {
        "text": "who made this website",
        "userDefined": false
      }
    ],
    "isTemplate": false,
    "count": 0,
    "updated": 0
  },
  {
    "id": "a1e7a9af-2f12-4d50-9e69-9346879080c2",
    "data": [
      {
        "text": "about this application",
        "userDefined": false
      }
    ],
    "isTemplate": false,
    "count": 0,
    "updated": 0
  },
  {
    "id": "61388185-a2d7-4789-9fad-0248a9620608",
    "data": [
      {
        "text": "about this website",
        "userDefined": false
      }
    ],
    "isTemplate": false,
    "count": 0,
    "updated": 0
  }
]