[
  {
    "id": "780829b8-165d-4f8a-a2a3-d91ddc84796b",
    "data": [
      {
        "text": "i have cold and cough",
        "userDefined": false
      }
    ],
    "isTemplate": false,
    "count": 0,
    "updated": 0
  },
  {
    "id": "1b81e69b-565a-4c40-9d27-f1086c94c021",
    "data": [
      {
        "text": "i think i am dying",
        "userDefined": false
      }
    ],
    "isTemplate": false,
    "count": 0,
    "updated": 0
  },
  {
    "id": "b2cb8426-ca71-4c37-975a-040211ac5b4b",
    "data": [
      {
        "text": "i am sick",
        "userDefined": false
      }
    ],
    "isTemplate": false,
    "count": 0,
    "updated": 0
  },
  {
    "id": "adced54c-c29f-48af-9ef8-04354da55d63",
    "data": [
      {
        "text": "i cannot breathe",
        "userDefined": false
      }
    ],
    "isTemplate": false,
    "count": 0,
    "updated": 0
  },
  {
    "id": "af1574d6-9a33-44b7-9fe9-68c1d14916ed",
    "data": [
      {
        "text": "i have cough",
        "userDefined": false
      }
    ],
    "isTemplate": false,
    "count": 0,
    "updated": 0
  },
  {
    "id": "9edb1398-736f-4c85-8ac3-70036f42e80b",
    "data": [
      {
        "text": "i have fever",
        "userDefined": false
      }
    ],
    "isTemplate": false,
    "count": 0,
    "updated": 0
  },
  {
    "id": "91398efe-641d-429f-abfe-4b09efe1eb9c",
    "data": [
      {
        "text": "i think i have covid",
        "userDefined": false
      }
    ],
    "isTemplate": false,
    "count": 0,
    "updated": 0
  },
  {
    "id": "2587083b-3e7e-4c01-916d-004adb9260ab",
    "data": [
      {
        "text": "i think i have corona virus",
        "userDefined": false
      }
    ],
    "isTemplate": false,
    "count": 0,
    "updated": 0
  },
  {
    "id": "a85bfd20-be2d-41e4-91b8-e2e395c61e4c",
    "data": [
      {
        "text": "i am feeling sick",
        "userDefined": false
      }
    ],
    "isTemplate": false,
    "count": 0,
    "updated": 0
  }
]