[
  {
    "id": "4824fcec-5c6b-43d9-af58-6bf689d06aba",
    "data": [
      {
        "text": "corona from animals",
        "userDefined": false
      }
    ],
    "isTemplate": false,
    "count": 1,
    "updated": 0
  },
  {
    "id": "46fcb66b-f0e6-45d9-a78c-c5cad744acf5",
    "data": [
      {
        "text": "animals covid",
        "userDefined": false
      }
    ],
    "isTemplate": false,
    "count": 0,
    "updated": 0
  },
  {
    "id": "b50bc8e6-5cfe-4252-9333-8ed17d7ecd8d",
    "data": [
      {
        "text": "animals corona",
        "userDefined": false
      }
    ],
    "isTemplate": false,
    "count": 0,
    "updated": 0
  },
  {
    "id": "3d737a61-aa57-4dbd-9e9d-6c776714efd9",
    "data": [
      {
        "text": "are animals safe",
        "userDefined": false
      }
    ],
    "isTemplate": false,
    "count": 0,
    "updated": 0
  },
  {
    "id": "8436393a-6943-4d71-b4bb-25654ff6fb74",
    "data": [
      {
        "text": "are animals dangerous",
        "userDefined": false
      }
    ],
    "isTemplate": false,
    "count": 0,
    "updated": 0
  },
  {
    "id": "02bbd602-65b5-4822-ac8f-6ea51af265ef",
    "data": [
      {
        "text": "can i get corona from animal",
        "userDefined": false
      }
    ],
    "isTemplate": false,
    "count": 0,
    "updated": 0
  },
  {
    "id": "8775edba-7ec5-4f34-8c7d-9eb0c173adda",
    "data": [
      {
        "text": "do animals cause covid",
        "userDefined": false
      }
    ],
    "isTemplate": false,
    "count": 0,
    "updated": 0
  },
  {
    "id": "371ec2d9-000c-4f24-a4cd-af3568629683",
    "data": [
      {
        "text": "do animals cause corona",
        "userDefined": false
      }
    ],
    "isTemplate": false,
    "count": 0,
    "updated": 0
  }
]