[
  {
    "id": "5e3018d6-610c-407d-991c-90c0315dc08e",
    "data": [
      {
        "text": "am i safe in quarantine",
        "userDefined": false
      }
    ],
    "isTemplate": false,
    "count": 0,
    "updated": 0
  },
  {
    "id": "bd9891fd-db76-4753-bf17-138eb523de0b",
    "data": [
      {
        "text": "am i safe at home",
        "userDefined": false
      }
    ],
    "isTemplate": false,
    "count": 1,
    "updated": 0
  },
  {
    "id": "f0d9d865-e076-4913-8803-c8d6e1d3e679",
    "data": [
      {
        "text": "is my home safe",
        "userDefined": false
      }
    ],
    "isTemplate": false,
    "count": 0,
    "updated": 0
  },
  {
    "id": "e0fa842b-bedc-4cb7-b699-6985a2495564",
    "data": [
      {
        "text": "am i safe away from public places",
        "userDefined": false
      }
    ],
    "isTemplate": false,
    "count": 0,
    "updated": 0
  },
  {
    "id": "29c545b0-cdc4-4835-8f54-1b326b5ef07f",
    "data": [
      {
        "text": "am i safe if i dont go to public places",
        "userDefined": false
      }
    ],
    "isTemplate": false,
    "count": 0,
    "updated": 0
  },
  {
    "id": "fe2313fd-56fc-4628-a9a5-52b8cff58670",
    "data": [
      {
        "text": "am i safe inside",
        "userDefined": false
      }
    ],
    "isTemplate": false,
    "count": 0,
    "updated": 0
  }
]