[
  {
    "id": "f43816da-8e0d-479a-9703-1c9430c053ea",
    "data": [
      {
        "text": "is this dangerous",
        "userDefined": false
      }
    ],
    "isTemplate": false,
    "count": 0,
    "updated": 0
  },
  {
    "id": "6ba56e1f-b06c-4b1e-8e63-e5935a848a48",
    "data": [
      {
        "text": "more viruses",
        "userDefined": false
      }
    ],
    "isTemplate": false,
    "count": 0,
    "updated": 0
  },
  {
    "id": "a415973c-93c8-4ec8-b1d7-2c317d170520",
    "data": [
      {
        "text": "virus classification",
        "userDefined": false
      }
    ],
    "isTemplate": false,
    "count": 0,
    "updated": 0
  },
  {
    "id": "11bfae59-a4c8-498e-9c42-3fe7299001c1",
    "data": [
      {
        "text": "what is this virus",
        "userDefined": false
      }
    ],
    "isTemplate": false,
    "count": 0,
    "updated": 0
  },
  {
    "id": "5dd70909-5e9d-498f-900a-1949ada035ff",
    "data": [
      {
        "text": "what is this site about",
        "userDefined": false
      }
    ],
    "isTemplate": false,
    "count": 0,
    "updated": 0
  },
  {
    "id": "d56a922e-0fb5-4d28-93c5-cf1b9222f6e2",
    "data": [
      {
        "text": "what is coronavirus?",
        "userDefined": false
      }
    ],
    "isTemplate": false,
    "count": 0,
    "updated": 0
  },
  {
    "id": "13166ea0-86ae-46fb-9af6-387ef8173b36",
    "data": [
      {
        "text": "what is covid-19?",
        "userDefined": false
      }
    ],
    "isTemplate": false,
    "count": 0,
    "updated": 0
  },
  {
    "id": "84961dbd-a3d9-49ff-8332-7ce1ddafd919",
    "data": [
      {
        "text": "what is covid",
        "userDefined": false
      }
    ],
    "isTemplate": false,
    "count": 0,
    "updated": 0
  },
  {
    "id": "16c39fc0-115a-4c60-a718-808406f44b77",
    "data": [
      {
        "text": "What is corona",
        "userDefined": false
      }
    ],
    "isTemplate": false,
    "count": 0,
    "updated": 0
  }
]