[
  {
    "id": "7ee57ac5-11ee-4fbb-8641-447cced63efd",
    "data": [
      {
        "text": "most affected?",
        "userDefined": false
      }
    ],
    "isTemplate": false,
    "count": 0,
    "updated": 0
  },
  {
    "id": "3d042a1e-9987-42c2-a4d3-c9da975039b5",
    "data": [
      {
        "text": "how is",
        "userDefined": false
      }
    ],
    "isTemplate": false,
    "count": 0,
    "updated": 0
  },
  {
    "id": "a7690076-0956-4055-9534-02fae348c175",
    "data": [
      {
        "text": "what is happening in",
        "userDefined": false
      }
    ],
    "isTemplate": false,
    "count": 0,
    "updated": 0
  },
  {
    "id": "6bb7921b-635f-4fb0-bab1-d1d2d0568d4c",
    "data": [
      {
        "text": "what is happening in the world",
        "userDefined": false
      }
    ],
    "isTemplate": false,
    "count": 0,
    "updated": 0
  },
  {
    "id": "83033a49-3590-4020-9090-7a72a0ae9a7d",
    "data": [
      {
        "text": "world",
        "userDefined": false
      }
    ],
    "isTemplate": false,
    "count": 0,
    "updated": 0
  },
  {
    "id": "c7a208c4-91dc-43c8-bad4-84f4545f325c",
    "data": [
      {
        "text": "status of",
        "userDefined": false
      }
    ],
    "isTemplate": false,
    "count": 0,
    "updated": 0
  },
  {
    "id": "fc6f4bf1-0e10-4eb4-ab66-8814b88e642a",
    "data": [
      {
        "text": "whats happening in",
        "userDefined": false
      }
    ],
    "isTemplate": false,
    "count": 0,
    "updated": 0
  },
  {
    "id": "6e5ec99a-c5d6-4589-9112-712b861bb1fd",
    "data": [
      {
        "text": "my country",
        "userDefined": false
      }
    ],
    "isTemplate": false,
    "count": 0,
    "updated": 0
  },
  {
    "id": "ae04e050-4ac8-4081-9a5b-de055731eb8a",
    "data": [
      {
        "text": "country details",
        "userDefined": false
      }
    ],
    "isTemplate": false,
    "count": 0,
    "updated": 0
  }
]