[
  {
    "id": "dde1a838-3056-4a74-a703-b6d20afae655",
    "data": [
      {
        "text": "cause of coronavirus",
        "userDefined": false
      }
    ],
    "isTemplate": false,
    "count": 0,
    "updated": 0
  },
  {
    "id": "4f49c617-32bd-4f33-b423-d4d006149e82",
    "data": [
      {
        "text": "what caused covid",
        "userDefined": false
      }
    ],
    "isTemplate": false,
    "count": 0,
    "updated": 0
  },
  {
    "id": "098817bc-cf21-45ac-b6b4-7cb8c35e4787",
    "data": [
      {
        "text": "who started it?",
        "userDefined": false
      }
    ],
    "isTemplate": false,
    "count": 0,
    "updated": 0
  },
  {
    "id": "2d001484-6c36-479b-b828-97e41b729851",
    "data": [
      {
        "text": "covid corona birth",
        "userDefined": false
      }
    ],
    "isTemplate": false,
    "count": 0,
    "updated": 0
  },
  {
    "id": "32f232ff-806f-4c19-97eb-f8f8a1ba6b7e",
    "data": [
      {
        "text": "what do you know about covid corona virus?",
        "userDefined": false
      }
    ],
    "isTemplate": false,
    "count": 0,
    "updated": 0
  },
  {
    "id": "78e7b047-e402-4c68-8ba3-1ece386e3243",
    "data": [
      {
        "text": "who created corona virus?",
        "userDefined": false
      }
    ],
    "isTemplate": false,
    "count": 0,
    "updated": 0
  },
  {
    "id": "b12ff1f3-45cf-4626-8fab-ea3fb4e3d741",
    "data": [
      {
        "text": "who created covid?",
        "userDefined": false
      }
    ],
    "isTemplate": false,
    "count": 0,
    "updated": 0
  },
  {
    "id": "282d012b-5be9-451d-9f84-74deae8a07bc",
    "data": [
      {
        "text": "how did this pandemic start?",
        "userDefined": false
      }
    ],
    "isTemplate": false,
    "count": 0,
    "updated": 0
  },
  {
    "id": "7d177ce2-7f45-434a-9ae4-9c467e2d5193",
    "data": [
      {
        "text": "where did covid start?",
        "userDefined": false
      }
    ],
    "isTemplate": false,
    "count": 0,
    "updated": 0
  }
]