[
  {
    "id": "9debc374-78a9-4185-bf77-5b2971bad2f9",
    "data": [
      {
        "text": "corona death",
        "userDefined": false
      }
    ],
    "isTemplate": false,
    "count": 0,
    "updated": 0
  },
  {
    "id": "e8aa020d-ce51-42b7-8f49-361522180d3d",
    "data": [
      {
        "text": "will covid die",
        "userDefined": false
      }
    ],
    "isTemplate": false,
    "count": 0,
    "updated": 0
  },
  {
    "id": "fea45215-c329-42f9-b1d3-fac71e9d1a56",
    "data": [
      {
        "text": "covid time",
        "userDefined": false
      }
    ],
    "isTemplate": false,
    "count": 0,
    "updated": 0
  },
  {
    "id": "94edc96b-8bc8-4764-b02f-75e90da799bd",
    "data": [
      {
        "text": "corona time",
        "userDefined": false
      }
    ],
    "isTemplate": false,
    "count": 0,
    "updated": 0
  },
  {
    "id": "cc7c5afd-1efd-4646-8df1-d34f5ced105d",
    "data": [
      {
        "text": "time corona lasts",
        "userDefined": false
      }
    ],
    "isTemplate": false,
    "count": 0,
    "updated": 0
  },
  {
    "id": "7aa8bc56-1a67-4b40-bd47-59dc2b18e705",
    "data": [
      {
        "text": "virus duration",
        "userDefined": false
      }
    ],
    "isTemplate": false,
    "count": 0,
    "updated": 0
  },
  {
    "id": "b85b2dd2-6a64-4f9d-a21c-bef2d2ecb56f",
    "data": [
      {
        "text": "life expectancy",
        "userDefined": false
      }
    ],
    "isTemplate": false,
    "count": 0,
    "updated": 0
  },
  {
    "id": "ec78c9d2-ada6-41b1-b935-53b4fb06ab3b",
    "data": [
      {
        "text": "how long does corona virus live",
        "userDefined": false
      }
    ],
    "isTemplate": false,
    "count": 0,
    "updated": 0
  },
  {
    "id": "cce25149-7deb-4553-ba6f-20f75b76fa4c",
    "data": [
      {
        "text": "how long does covid live",
        "userDefined": false
      }
    ],
    "isTemplate": false,
    "count": 0,
    "updated": 0
  },
  {
    "id": "deed3c4a-4e2b-4d17-bf5e-36d612caaa28",
    "data": [
      {
        "text": "corona life",
        "userDefined": false
      }
    ],
    "isTemplate": false,
    "count": 0,
    "updated": 0
  }
]