[
  {
    "id": "5e09aa5f-2b76-4c87-a7dd-63dc6c778940",
    "data": [
      {
        "text": "recovery time",
        "userDefined": false
      }
    ],
    "isTemplate": false,
    "count": 0,
    "updated": 0
  },
  {
    "id": "db39d24c-3c1a-4556-9134-c6fd526f0b07",
    "data": [
      {
        "text": "is there a cure",
        "userDefined": false
      }
    ],
    "isTemplate": false,
    "count": 0,
    "updated": 0
  },
  {
    "id": "f203f378-bbc9-4fd6-b094-5e7218bdbe93",
    "data": [
      {
        "text": "is the cure out?",
        "userDefined": false
      }
    ],
    "isTemplate": false,
    "count": 0,
    "updated": 0
  },
  {
    "id": "ef1c20f1-4806-418c-94eb-2db176c2c2e7",
    "data": [
      {
        "text": "is there a solution for covid",
        "userDefined": false
      }
    ],
    "isTemplate": false,
    "count": 0,
    "updated": 0
  },
  {
    "id": "5adbf3ed-ea01-497b-9941-c692506f5a95",
    "data": [
      {
        "text": "is the vaccine out?",
        "userDefined": false
      }
    ],
    "isTemplate": false,
    "count": 0,
    "updated": 0
  },
  {
    "id": "9b3d0b93-0584-4b89-8a9f-7350cde0d39e",
    "data": [
      {
        "text": "vaccine staus",
        "userDefined": false
      }
    ],
    "isTemplate": false,
    "count": 0,
    "updated": 0
  },
  {
    "id": "fd510f70-ea9a-4068-9d77-cbbfa1f984ab",
    "data": [
      {
        "text": "vaccine",
        "userDefined": false
      }
    ],
    "isTemplate": false,
    "count": 0,
    "updated": 0
  },
  {
    "id": "7a67d6fb-2d98-447b-9671-e6432dc811c4",
    "data": [
      {
        "text": "when will the cure come",
        "userDefined": false
      }
    ],
    "isTemplate": false,
    "count": 0,
    "updated": 0
  },
  {
    "id": "3af0323e-1380-44c9-bf1d-980f9d31fafc",
    "data": [
      {
        "text": "when will the vaccine come",
        "userDefined": false
      }
    ],
    "isTemplate": false,
    "count": 0,
    "updated": 0
  }
]