[
  {
    "id": "fe106966-a3ee-41e7-a182-7425557e228e",
    "data": [
      {
        "text": "later",
        "userDefined": false
      }
    ],
    "isTemplate": false,
    "count": 0,
    "updated": 0
  },
  {
    "id": "1a4e0fa9-eaa9-4290-a482-e77b61e53ea7",
    "data": [
      {
        "text": "goodbye",
        "userDefined": false
      }
    ],
    "isTemplate": false,
    "count": 0,
    "updated": 0
  },
  {
    "id": "97f17d54-863f-4516-b8da-240f8e291b93",
    "data": [
      {
        "text": "that was helpful",
        "userDefined": false
      }
    ],
    "isTemplate": false,
    "count": 0,
    "updated": 0
  },
  {
    "id": "64cecb58-b220-464d-8060-d2b4f4fd46ad",
    "data": [
      {
        "text": "you are helpful",
        "userDefined": false
      }
    ],
    "isTemplate": false,
    "count": 0,
    "updated": 0
  },
  {
    "id": "2dd3842a-4170-4ee9-8402-7721cdde396f",
    "data": [
      {
        "text": "thnx",
        "userDefined": false
      }
    ],
    "isTemplate": false,
    "count": 0,
    "updated": 0
  },
  {
    "id": "6ae17748-9a1f-49ef-8eb9-ac4f5b477056",
    "data": [
      {
        "text": "Appreciate it",
        "userDefined": false
      }
    ],
    "isTemplate": false,
    "count": 0,
    "updated": 0
  },
  {
    "id": "ff117c9d-d556-4106-8515-42ea34283da1",
    "data": [
      {
        "text": "Bye",
        "userDefined": false
      }
    ],
    "isTemplate": false,
    "count": 0,
    "updated": 0
  },
  {
    "id": "fe540d03-94c9-407a-88fa-162010f42e80",
    "data": [
      {
        "text": "Thank you",
        "userDefined": false
      }
    ],
    "isTemplate": false,
    "count": 0,
    "updated": 0
  },
  {
    "id": "0c6c2403-9de6-428b-be6e-66977c243c6c",
    "data": [
      {
        "text": "Thanks",
        "userDefined": false
      }
    ],
    "isTemplate": false,
    "count": 0,
    "updated": 0
  }
]