[
  {
    "id": "87be442d-7752-465f-97e5-15f44a21ac94",
    "data": [
      {
        "text": "waste",
        "userDefined": false
      }
    ],
    "isTemplate": false,
    "count": 0,
    "updated": 0
  },
  {
    "id": "e78375db-cee4-4165-beec-1db7ab88791a",
    "data": [
      {
        "text": "ass",
        "userDefined": false
      }
    ],
    "isTemplate": false,
    "count": 0,
    "updated": 0
  },
  {
    "id": "33b84ac3-ea03-4a84-9131-7c7187618484",
    "data": [
      {
        "text": "what purpose",
        "userDefined": false
      }
    ],
    "isTemplate": false,
    "count": 0,
    "updated": 0
  },
  {
    "id": "dde78e52-9e5e-435e-b2e1-94fca9c3df94",
    "data": [
      {
        "text": "motherfucker",
        "userDefined": false
      }
    ],
    "isTemplate": false,
    "count": 0,
    "updated": 0
  },
  {
    "id": "b31826e7-4ad0-4256-91bd-f4903251dbe9",
    "data": [
      {
        "text": "you suck",
        "userDefined": false
      }
    ],
    "isTemplate": false,
    "count": 0,
    "updated": 0
  },
  {
    "id": "48e4f916-296f-445a-9103-3956dca37aec",
    "data": [
      {
        "text": "suck",
        "userDefined": false
      }
    ],
    "isTemplate": false,
    "count": 0,
    "updated": 0
  },
  {
    "id": "411df90d-095a-4efe-a622-f57988963423",
    "data": [
      {
        "text": "fuck off",
        "userDefined": false
      }
    ],
    "isTemplate": false,
    "count": 0,
    "updated": 0
  },
  {
    "id": "396f2bba-6e07-498e-99bd-7630b86c45d9",
    "data": [
      {
        "text": "fucker",
        "userDefined": false
      }
    ],
    "isTemplate": false,
    "count": 0,
    "updated": 0
  },
  {
    "id": "e58b5044-eb18-4381-8355-e955782ee711",
    "data": [
      {
        "text": "asshole",
        "userDefined": false
      }
    ],
    "isTemplate": false,
    "count": 0,
    "updated": 0
  },
  {
    "id": "db490657-8fa9-4801-bd03-fb67def22dab",
    "data": [
      {
        "text": "you are shit",
        "userDefined": false
      }
    ],
    "isTemplate": false,
    "count": 0,
    "updated": 0
  }
]