[
  {
    "id": "14df96fa-ffab-4509-a6eb-b3d14eb7f0ee",
    "data": [
      {
        "text": "bulle",
        "userDefined": false
      }
    ],
    "isTemplate": false,
    "count": 0,
    "updated": 0
  },
  {
    "id": "6bcea764-7666-410b-bb77-fc4c2827f351",
    "data": [
      {
        "text": "sulli",
        "userDefined": false
      }
    ],
    "isTemplate": false,
    "count": 0,
    "updated": 0
  },
  {
    "id": "8e02f53c-f59a-41c0-b231-b23aadd4154a",
    "data": [
      {
        "text": "laude",
        "userDefined": false
      }
    ],
    "isTemplate": false,
    "count": 0,
    "updated": 0
  },
  {
    "id": "7f3da861-5701-4f07-b769-7fba5562c6af",
    "data": [
      {
        "text": "bhenchod",
        "userDefined": false
      }
    ],
    "isTemplate": false,
    "count": 0,
    "updated": 0
  },
  {
    "id": "368f4ea7-9659-453d-9281-7899a63b1c9b",
    "data": [
      {
        "text": "madarchod",
        "userDefined": false
      }
    ],
    "isTemplate": false,
    "count": 0,
    "updated": 0
  },
  {
    "id": "5ba90902-7a17-4772-b3a2-7aa2645cb248",
    "data": [
      {
        "text": "chutiye",
        "userDefined": false
      }
    ],
    "isTemplate": false,
    "count": 0,
    "updated": 0
  },
  {
    "id": "cd5e5a0a-fa64-4200-878d-a135ca2dc23c",
    "data": [
      {
        "text": "chutiya",
        "userDefined": false
      }
    ],
    "isTemplate": false,
    "count": 0,
    "updated": 0
  },
  {
    "id": "d001bfce-2151-4235-94f5-40a5795d663e",
    "data": [
      {
        "text": "rey gandu",
        "userDefined": false
      }
    ],
    "isTemplate": false,
    "count": 0,
    "updated": 0
  }
]