[
  {
    "id": "93d6f4f7-15c5-47a7-bcdc-b0f5468f0f72",
    "data": [
      {
        "text": "help me",
        "userDefined": false
      }
    ],
    "isTemplate": false,
    "count": 0,
    "updated": 0
  },
  {
    "id": "cd639e8d-c03f-4eab-95a2-9b863a963845",
    "data": [
      {
        "text": "i need help",
        "userDefined": false
      }
    ],
    "isTemplate": false,
    "count": 0,
    "updated": 0
  },
  {
    "id": "d4d02072-e2c2-47e1-a3c4-da98e15587b1",
    "data": [
      {
        "text": "are you smart?",
        "userDefined": false
      }
    ],
    "isTemplate": false,
    "count": 0,
    "updated": 0
  },
  {
    "id": "1f52eae9-8892-4aee-aaa4-ddfac3bc03ec",
    "data": [
      {
        "text": "are you educated?",
        "userDefined": false
      }
    ],
    "isTemplate": false,
    "count": 0,
    "updated": 0
  },
  {
    "id": "c031f143-0437-4fdf-a4f1-a00415945c2d",
    "data": [
      {
        "text": "what can you do?",
        "userDefined": false
      }
    ],
    "isTemplate": false,
    "count": 0,
    "updated": 0
  },
  {
    "id": "95bdc6d4-bda8-4e65-946d-283c9c2be2e6",
    "data": [
      {
        "text": "what can you help me with?",
        "userDefined": false
      }
    ],
    "isTemplate": false,
    "count": 0,
    "updated": 0
  },
  {
    "id": "6146cf88-30d5-4379-9a99-f84a2bd60217",
    "data": [
      {
        "text": "how can you help me",
        "userDefined": false
      }
    ],
    "isTemplate": false,
    "count": 0,
    "updated": 0
  },
  {
    "id": "9d0f7052-07f4-4508-a1e3-66f7d4372ae1",
    "data": [
      {
        "text": "support",
        "userDefined": false
      }
    ],
    "isTemplate": false,
    "count": 0,
    "updated": 0
  },
  {
    "id": "a3b5915a-ded1-4087-8113-5a9614ffffcf",
    "data": [
      {
        "text": "helpline",
        "userDefined": false
      }
    ],
    "isTemplate": false,
    "count": 0,
    "updated": 0
  },
  {
    "id": "2536d3c6-b320-48f9-98e0-5d69810f422b",
    "data": [
      {
        "text": "help",
        "userDefined": false
      }
    ],
    "isTemplate": false,
    "count": 0,
    "updated": 0
  }
]