[
  {
    "id": "63c5b5de-418e-4916-8661-e845db6c2391",
    "data": [
      {
        "text": "what up",
        "userDefined": false
      }
    ],
    "isTemplate": false,
    "count": 0,
    "updated": 0
  },
  {
    "id": "7559bc4d-e035-480e-af58-57da013503fc",
    "data": [
      {
        "text": "whats you up to",
        "userDefined": false
      }
    ],
    "isTemplate": false,
    "count": 0,
    "updated": 0
  },
  {
    "id": "6a12d227-6ef8-45d3-8b9e-0b0945282689",
    "data": [
      {
        "text": "wassup",
        "userDefined": false
      }
    ],
    "isTemplate": false,
    "count": 0,
    "updated": 0
  },
  {
    "id": "c08ba3b6-bc7d-409b-b1c0-5e4d0890e478",
    "data": [
      {
        "text": "sup",
        "userDefined": false
      }
    ],
    "isTemplate": false,
    "count": 0,
    "updated": 0
  },
  {
    "id": "3c85edc1-50d7-4eb0-835d-a88fac56b5bd",
    "data": [
      {
        "text": "whats up",
        "userDefined": false
      }
    ],
    "isTemplate": false,
    "count": 0,
    "updated": 0
  },
  {
    "id": "69ab1e54-cdb9-4c00-b6aa-d2e57f38321a",
    "data": [
      {
        "text": "what are you doing",
        "userDefined": false
      }
    ],
    "isTemplate": false,
    "count": 0,
    "updated": 0
  },
  {
    "id": "b89d9d54-dcc7-40db-8699-2267c776d70e",
    "data": [
      {
        "text": "are you safe?",
        "userDefined": false
      }
    ],
    "isTemplate": false,
    "count": 0,
    "updated": 0
  },
  {
    "id": "7d76f581-3933-47a5-b802-22774802bbc5",
    "data": [
      {
        "text": "How are you ?",
        "userDefined": false
      }
    ],
    "isTemplate": false,
    "count": 0,
    "updated": 0
  }
]