[
  {
    "id": "e17fa2f1-3806-47dc-8928-62a64f25db5b",
    "data": [
      {
        "text": "when can i see symptoms",
        "userDefined": false
      }
    ],
    "isTemplate": false,
    "count": 0,
    "updated": 0
  },
  {
    "id": "51cdea31-e448-42dd-91c3-0e7d270d730f",
    "data": [
      {
        "text": "when does symptoms come",
        "userDefined": false
      }
    ],
    "isTemplate": false,
    "count": 0,
    "updated": 0
  },
  {
    "id": "0557c3bb-77f2-4efe-a506-f5a837378cf6",
    "data": [
      {
        "text": "symptom time",
        "userDefined": false
      }
    ],
    "isTemplate": false,
    "count": 0,
    "updated": 0
  },
  {
    "id": "c4586e26-ca20-451e-acda-726ac034337a",
    "data": [
      {
        "text": "how long before i see the symptoms",
        "userDefined": false
      }
    ],
    "isTemplate": false,
    "count": 0,
    "updated": 0
  },
  {
    "id": "ccedcd97-a2d9-41ce-8c1e-156af77431d3",
    "data": [
      {
        "text": "how long does it take to see the symptoms",
        "userDefined": false
      }
    ],
    "isTemplate": false,
    "count": 0,
    "updated": 0
  },
  {
    "id": "255fca47-c55a-4eac-9bbc-bacab486d8aa",
    "data": [
      {
        "text": "incubation period of corona virus",
        "userDefined": false
      }
    ],
    "isTemplate": false,
    "count": 0,
    "updated": 0
  },
  {
    "id": "d4297657-97e1-4c78-9bb3-751caca6674c",
    "data": [
      {
        "text": "incubation period of covid",
        "userDefined": false
      }
    ],
    "isTemplate": false,
    "count": 0,
    "updated": 0
  }
]