[
  {
    "id": "00d33679-c91e-4245-a4bd-789142bbecb8",
    "data": [
      {
        "text": "can i trust you",
        "userDefined": false
      }
    ],
    "isTemplate": false,
    "count": 0,
    "updated": 0
  },
  {
    "id": "1c93c069-e6e0-4dea-a22c-bed7c2496b1b",
    "data": [
      {
        "text": "do you have a doctors degree",
        "userDefined": false
      }
    ],
    "isTemplate": false,
    "count": 0,
    "updated": 0
  },
  {
    "id": "ccbd4805-638d-482f-a4ef-e2e83bebf459",
    "data": [
      {
        "text": "are you a doctor",
        "userDefined": false
      }
    ],
    "isTemplate": false,
    "count": 0,
    "updated": 0
  },
  {
    "id": "dc18ba6b-9ee3-44bc-84b1-ccf8b136fa3c",
    "data": [
      {
        "text": "why are you here?",
        "userDefined": false
      }
    ],
    "isTemplate": false,
    "count": 0,
    "updated": 0
  },
  {
    "id": "33f68965-1d70-427c-a53f-798e53ea256c",
    "data": [
      {
        "text": "what are you?",
        "userDefined": false
      }
    ],
    "isTemplate": false,
    "count": 0,
    "updated": 0
  },
  {
    "id": "77e64c48-2a90-4f79-bf0c-a91a32f64905",
    "data": [
      {
        "text": "are you a bot?",
        "userDefined": false
      }
    ],
    "isTemplate": false,
    "count": 0,
    "updated": 0
  },
  {
    "id": "c95c7c56-59c0-43d6-9eb8-ccc87cd39670",
    "data": [
      {
        "text": "What is your name?",
        "userDefined": false
      }
    ],
    "isTemplate": false,
    "count": 0,
    "updated": 0
  },
  {
    "id": "95f07851-23d0-485e-a72f-5a14cc5e8243",
    "data": [
      {
        "text": "What do you do?",
        "userDefined": false
      }
    ],
    "isTemplate": false,
    "count": 0,
    "updated": 0
  },
  {
    "id": "9bd00dad-6e0f-43e8-9e22-d8cdbad9f8a1",
    "data": [
      {
        "text": "Who are you?",
        "userDefined": false
      }
    ],
    "isTemplate": false,
    "count": 0,
    "updated": 0
  }
]