[
  {
    "id": "87169e02-4624-47b1-98a6-c542f813d2b3",
    "data": [
      {
        "text": "can covid live in air",
        "userDefined": false
      }
    ],
    "isTemplate": false,
    "count": 0,
    "updated": 0
  },
  {
    "id": "384a0d34-188a-4c3a-bea3-4f8d57ab697b",
    "data": [
      {
        "text": "can corona virus spread in air",
        "userDefined": false
      }
    ],
    "isTemplate": false,
    "count": 0,
    "updated": 0
  },
  {
    "id": "7639f30f-6c41-4c9f-9c0c-06a23fa95060",
    "data": [
      {
        "text": "can the virus spread through air?",
        "userDefined": false
      }
    ],
    "isTemplate": false,
    "count": 0,
    "updated": 0
  },
  {
    "id": "931f590b-c66b-4624-ad50-06c49da00bf5",
    "data": [
      {
        "text": "is corona virus airborne",
        "userDefined": false
      }
    ],
    "isTemplate": false,
    "count": 0,
    "updated": 0
  },
  {
    "id": "ec9a14f7-d2f2-42d2-911a-05252dd8cc65",
    "data": [
      {
        "text": "is covid airborne",
        "userDefined": false
      }
    ],
    "isTemplate": false,
    "count": 0,
    "updated": 0
  },
  {
    "id": "402291d6-b5d7-47d5-aa89-0bc686ba8fb8",
    "data": [
      {
        "text": "virus airborne",
        "userDefined": false
      }
    ],
    "isTemplate": false,
    "count": 0,
    "updated": 0
  },
  {
    "id": "d0bf4816-53d9-4a2f-9560-15f30516dc0a",
    "data": [
      {
        "text": "virus in air",
        "userDefined": false
      }
    ],
    "isTemplate": false,
    "count": 0,
    "updated": 0
  },
  {
    "id": "5c1f0c56-97b3-43c2-ad91-c803dd2ef11e",
    "data": [
      {
        "text": "covid in air",
        "userDefined": false
      }
    ],
    "isTemplate": false,
    "count": 0,
    "updated": 0
  },
  {
    "id": "0152fca7-91be-40bb-9975-d5761fc9b7d3",
    "data": [
      {
        "text": "coronavirus in air",
        "userDefined": false
      }
    ],
    "isTemplate": false,
    "count": 0,
    "updated": 0
  }
]