[
  {
    "id": "87d7c362-877e-4e54-bb6e-46de1064d86d",
    "data": [
      {
        "text": "only from there?",
        "userDefined": false
      }
    ],
    "isTemplate": false,
    "count": 0,
    "updated": 0
  },
  {
    "id": "8273a094-8582-4378-bcb1-4bd3c01535e0",
    "data": [
      {
        "text": "wrong answer",
        "userDefined": false
      }
    ],
    "isTemplate": false,
    "count": 0,
    "updated": 0
  },
  {
    "id": "303eaf94-3070-43e4-8fed-56422579731d",
    "data": [
      {
        "text": "thats not the answer",
        "userDefined": false
      }
    ],
    "isTemplate": false,
    "count": 0,
    "updated": 0
  },
  {
    "id": "5997f925-d36d-45f7-af9e-0ecab29a01f3",
    "data": [
      {
        "text": "you did not answer my question",
        "userDefined": false
      }
    ],
    "isTemplate": false,
    "count": 0,
    "updated": 0
  },
  {
    "id": "9c58453b-6483-4d59-a902-f7e945aa9ec6",
    "data": [
      {
        "text": "answer my question",
        "userDefined": false
      }
    ],
    "isTemplate": false,
    "count": 0,
    "updated": 0
  },
  {
    "id": "dc6a3c17-2eec-4015-8db9-3ecd865fffcf",
    "data": [
      {
        "text": "answer me",
        "userDefined": false
      }
    ],
    "isTemplate": false,
    "count": 0,
    "updated": 0
  },
  {
    "id": "2b3b36fd-b0e1-48c9-94e9-12136c2cae1b",
    "data": [
      {
        "text": "do you know everything?",
        "userDefined": false
      }
    ],
    "isTemplate": false,
    "count": 0,
    "updated": 0
  },
  {
    "id": "927a2c11-9de5-4c99-95b1-aa034040e488",
    "data": [
      {
        "text": "what more do you know?",
        "userDefined": false
      }
    ],
    "isTemplate": false,
    "count": 0,
    "updated": 0
  },
  {
    "id": "1ae11425-dd2f-4a36-9515-92e01dd0217f",
    "data": [
      {
        "text": "what can i ask you?",
        "userDefined": false
      }
    ],
    "isTemplate": false,
    "count": 0,
    "updated": 0
  },
  {
    "id": "ba480412-336d-4534-83c2-803f896de716",
    "data": [
      {
        "text": "can i ask you anything?",
        "userDefined": false
      }
    ],
    "isTemplate": false,
    "count": 0,
    "updated": 0
  },
  {
    "id": "8b1d32ed-b88e-491b-9fda-e4fe1559fe97",
    "data": [
      {
        "text": "do you only answer the listed questions?",
        "userDefined": false
      }
    ],
    "isTemplate": false,
    "count": 0,
    "updated": 0
  }
]