[
  {
    "id": "d1e27e74-35d5-4a7a-99b4-cbc9277947c1",
    "data": [
      {
        "text": "curfew",
        "userDefined": false
      }
    ],
    "isTemplate": false,
    "count": 0,
    "updated": 0
  },
  {
    "id": "f9c171f1-6f5f-4a66-99cb-30a9602f8395",
    "data": [
      {
        "text": "what is a lockdown",
        "userDefined": false
      }
    ],
    "isTemplate": false,
    "count": 0,
    "updated": 0
  },
  {
    "id": "af769219-738b-44da-b890-e465d3f41082",
    "data": [
      {
        "text": "is a lockdown important",
        "userDefined": false
      }
    ],
    "isTemplate": false,
    "count": 0,
    "updated": 0
  },
  {
    "id": "2c226c14-e227-4a46-9983-14c134241935",
    "data": [
      {
        "text": "is a lockdown necessary",
        "userDefined": false
      }
    ],
    "isTemplate": false,
    "count": 0,
    "updated": 0
  },
  {
    "id": "c1050d63-14c9-4e3f-badc-7e9690b57c83",
    "data": [
      {
        "text": "will lockdown fight covid",
        "userDefined": false
      }
    ],
    "isTemplate": false,
    "count": 0,
    "updated": 0
  },
  {
    "id": "45ef625c-e936-40ea-9ddb-17aea13fc9a4",
    "data": [
      {
        "text": "will lockdown beat corona virus",
        "userDefined": false
      }
    ],
    "isTemplate": false,
    "count": 0,
    "updated": 0
  },
  {
    "id": "c4e3232d-1bd9-4eda-8789-6ac4321312ea",
    "data": [
      {
        "text": "will lockdown solve the problem",
        "userDefined": false
      }
    ],
    "isTemplate": false,
    "count": 0,
    "updated": 0
  },
  {
    "id": "5cfb82b5-8394-43bd-b81a-fbbead1ab62a",
    "data": [
      {
        "text": "is lockdown helpful",
        "userDefined": false
      }
    ],
    "isTemplate": false,
    "count": 0,
    "updated": 0
  },
  {
    "id": "1b768806-f19c-4f72-b971-314bea2afeca",
    "data": [
      {
        "text": "will a lockdown help",
        "userDefined": false
      }
    ],
    "isTemplate": false,
    "count": 0,
    "updated": 0
  }
]