[
  {
    "id": "f95d096e-2288-4c4d-a3a0-c379cc781a90",
    "data": [
      {
        "text": "will candles kill covid",
        "userDefined": false
      }
    ],
    "isTemplate": false,
    "count": 0,
    "updated": 0
  },
  {
    "id": "bdc5a7b3-845e-4f76-85b6-a0c46df28f68",
    "data": [
      {
        "text": "will clapping kill covid",
        "userDefined": false
      }
    ],
    "isTemplate": false,
    "count": 0,
    "updated": 0
  },
  {
    "id": "eaab2a83-9cc5-43e2-9e20-e87b21212eeb",
    "data": [
      {
        "text": "will following modi s tasks help",
        "userDefined": false
      }
    ],
    "isTemplate": false,
    "count": 0,
    "updated": 0
  },
  {
    "id": "2aa6b210-330a-4f8d-bc23-115cd4aaff7a",
    "data": [
      {
        "text": "will clapping cure covid",
        "userDefined": false
      }
    ],
    "isTemplate": false,
    "count": 0,
    "updated": 0
  },
  {
    "id": "99826738-58ce-49d0-bba6-92b5a6e02457",
    "data": [
      {
        "text": "will clapping help",
        "userDefined": false
      }
    ],
    "isTemplate": false,
    "count": 0,
    "updated": 0
  },
  {
    "id": "7323ae8c-b2ea-465a-bd42-371deb352332",
    "data": [
      {
        "text": "will lighting candles fight covid",
        "userDefined": false
      }
    ],
    "isTemplate": false,
    "count": 0,
    "updated": 0
  },
  {
    "id": "fe96ada0-4333-41b7-b7ac-64675a194ca5",
    "data": [
      {
        "text": "will lighting candles help",
        "userDefined": false
      }
    ],
    "isTemplate": false,
    "count": 0,
    "updated": 0
  },
  {
    "id": "eb7270aa-c87f-468e-8626-6bc0ceb0a495",
    "data": [
      {
        "text": "will hitting plates cure corona",
        "userDefined": false
      }
    ],
    "isTemplate": false,
    "count": 0,
    "updated": 0
  },
  {
    "id": "b4421275-7404-4487-9a84-374ccc146b6b",
    "data": [
      {
        "text": "will hitting plates help",
        "userDefined": false
      }
    ],
    "isTemplate": false,
    "count": 0,
    "updated": 0
  }
]