[
  {
    "id": "7486ac84-a2da-4f43-bfce-2fe533eb53c1",
    "data": [
      {
        "text": "numbers",
        "userDefined": false
      }
    ],
    "isTemplate": false,
    "count": 0,
    "updated": 0
  },
  {
    "id": "756c22c3-6dda-432d-975e-4f116129828d",
    "data": [
      {
        "text": "critical",
        "userDefined": false
      }
    ],
    "isTemplate": false,
    "count": 0,
    "updated": 0
  },
  {
    "id": "9516e157-a203-45da-8f70-9db85a8fc746",
    "data": [
      {
        "text": "recoveries",
        "userDefined": false
      }
    ],
    "isTemplate": false,
    "count": 0,
    "updated": 0
  },
  {
    "id": "e7d7e743-47ad-4a21-9423-0c13dcc769a3",
    "data": [
      {
        "text": "deaths",
        "userDefined": false
      }
    ],
    "isTemplate": false,
    "count": 0,
    "updated": 0
  },
  {
    "id": "556ee9ee-48c1-4e8f-b6c0-3519dac32f8e",
    "data": [
      {
        "text": "how many died",
        "userDefined": false
      }
    ],
    "isTemplate": false,
    "count": 0,
    "updated": 0
  },
  {
    "id": "45473733-a599-4d0c-8b3f-00f54bba0f4b",
    "data": [
      {
        "text": "percentage",
        "userDefined": false
      }
    ],
    "isTemplate": false,
    "count": 0,
    "updated": 0
  },
  {
    "id": "58d1c78e-2689-4f87-8716-81d30783cf2d",
    "data": [
      {
        "text": "What is the  death percentage",
        "userDefined": false
      }
    ],
    "isTemplate": false,
    "count": 0,
    "updated": 0
  },
  {
    "id": "f4460c2d-b0af-46c2-bf81-1bd972ffa7bb",
    "data": [
      {
        "text": "how many critical cases?",
        "userDefined": false
      }
    ],
    "isTemplate": false,
    "count": 0,
    "updated": 0
  },
  {
    "id": "d496aea3-61d2-44fe-8db0-0bd5f1148764",
    "data": [
      {
        "text": "how many recovered cases?",
        "userDefined": false
      }
    ],
    "isTemplate": false,
    "count": 0,
    "updated": 0
  },
  {
    "id": "09d67b42-7b74-4020-8fcf-4b74a53597fd",
    "data": [
      {
        "text": "How many people affected?",
        "userDefined": false
      }
    ],
    "isTemplate": false,
    "count": 0,
    "updated": 0
  }
]