[
  {
    "id": "4ba9b3f3-bd87-4207-9a22-cb89a3a4d720",
    "data": [
      {
        "text": "origin of coronavirus",
        "userDefined": false
      }
    ],
    "isTemplate": false,
    "count": 0,
    "updated": 0
  },
  {
    "id": "3ecfebdf-33e1-4959-8d0d-b55fa41a48b7",
    "data": [
      {
        "text": "origin of covid19",
        "userDefined": false
      }
    ],
    "isTemplate": false,
    "count": 0,
    "updated": 0
  },
  {
    "id": "72fb1234-a582-4116-91e2-19b87d8fe2e5",
    "data": [
      {
        "text": "how did coronavirus originate",
        "userDefined": false
      }
    ],
    "isTemplate": false,
    "count": 0,
    "updated": 0
  },
  {
    "id": "c5a55f02-b9fa-4b00-b08f-55448f69a135",
    "data": [
      {
        "text": "what was the ",
        "userDefined": false
      },
      {
        "text": "first",
        "alias": "ordinal",
        "meta": "@sys.ordinal",
        "userDefined": false
      },
      {
        "text": " case",
        "userDefined": false
      }
    ],
    "isTemplate": false,
    "count": 0,
    "updated": 0
  }
]