[
  {
    "id": "89199f2a-f984-424c-9b1b-74e46c7c72ab",
    "data": [
      {
        "text": "its urgent",
        "userDefined": false
      }
    ],
    "isTemplate": false,
    "count": 0,
    "updated": 0
  },
  {
    "id": "ff9f687f-a830-472c-bab6-586ffb2a990d",
    "data": [
      {
        "text": "do i have covid",
        "userDefined": false
      }
    ],
    "isTemplate": false,
    "count": 0,
    "updated": 0
  },
  {
    "id": "649608fb-7fa7-4db2-b80d-d253d3da21bb",
    "data": [
      {
        "text": "do i have corona virus",
        "userDefined": false
      }
    ],
    "isTemplate": false,
    "count": 0,
    "updated": 0
  },
  {
    "id": "9ecfbca2-4124-41b2-b865-ff7919147815",
    "data": [
      {
        "text": "what to do?",
        "userDefined": false
      }
    ],
    "isTemplate": false,
    "count": 0,
    "updated": 0
  },
  {
    "id": "fd618ff5-9428-45f6-84d9-83c075f1f307",
    "data": [
      {
        "text": "what should i do?",
        "userDefined": false
      }
    ],
    "isTemplate": false,
    "count": 0,
    "updated": 0
  },
  {
    "id": "6081b082-4b48-43ad-b36e-e807c2c11920",
    "data": [
      {
        "text": "am i ok?",
        "userDefined": false
      }
    ],
    "isTemplate": false,
    "count": 0,
    "updated": 0
  },
  {
    "id": "832e4312-a7f3-4ae9-aef6-e01b60800fb2",
    "data": [
      {
        "text": "I am in trouble",
        "userDefined": false
      }
    ],
    "isTemplate": false,
    "count": 0,
    "updated": 0
  },
  {
    "id": "9f9a2639-d508-4184-8d17-dc5210353072",
    "data": [
      {
        "text": "I have a problem.",
        "userDefined": false
      }
    ],
    "isTemplate": false,
    "count": 0,
    "updated": 0
  },
  {
    "id": "7a1ea9c1-4b4c-415b-aba4-de1e5df01f95",
    "data": [
      {
        "text": "can i share things?",
        "userDefined": false
      }
    ],
    "isTemplate": false,
    "count": 0,
    "updated": 0
  },
  {
    "id": "e5a5fd79-9176-405a-9813-5def04082f86",
    "data": [
      {
        "text": "Im sad.",
        "userDefined": false
      }
    ],
    "isTemplate": false,
    "count": 0,
    "updated": 0
  },
  {
    "id": "5e5b8dd6-3492-4c4f-89e4-3f2b7c189ea4",
    "data": [
      {
        "text": "i need someone.",
        "userDefined": false
      }
    ],
    "isTemplate": false,
    "count": 0,
    "updated": 0
  },
  {
    "id": "baf1dba7-fc7e-422b-997b-c7f6343dbcf4",
    "data": [
      {
        "text": "i need to talk.",
        "userDefined": false
      }
    ],
    "isTemplate": false,
    "count": 0,
    "updated": 0
  }
]