[
  {
    "id": "bac42fc5-39ef-4e5c-b77e-7f31c30d86f3",
    "data": [
      {
        "text": "how serious is this",
        "userDefined": false
      }
    ],
    "isTemplate": false,
    "count": 0,
    "updated": 0
  },
  {
    "id": "8303f654-e7b0-48bb-a550-8562f25d5144",
    "data": [
      {
        "text": "is the situation serious",
        "userDefined": false
      }
    ],
    "isTemplate": false,
    "count": 0,
    "updated": 0
  },
  {
    "id": "90343074-bc3a-4bb8-b52d-8335b398493c",
    "data": [
      {
        "text": "is it serious",
        "userDefined": false
      }
    ],
    "isTemplate": false,
    "count": 0,
    "updated": 0
  },
  {
    "id": "3f9ecff2-d443-4b9c-9309-904ec8fae549",
    "data": [
      {
        "text": "will we all survive",
        "userDefined": false
      }
    ],
    "isTemplate": false,
    "count": 0,
    "updated": 0
  },
  {
    "id": "a125c483-8699-43b0-9ee6-9e9aef593498",
    "data": [
      {
        "text": "will we all die",
        "userDefined": false
      }
    ],
    "isTemplate": false,
    "count": 0,
    "updated": 0
  },
  {
    "id": "9586fe98-7fc6-453c-bc6d-84ae53383ad8",
    "data": [
      {
        "text": "is the world going to end",
        "userDefined": false
      }
    ],
    "isTemplate": false,
    "count": 0,
    "updated": 0
  },
  {
    "id": "49c270eb-dd7d-4324-92ed-64e588765e3d",
    "data": [
      {
        "text": "global virus",
        "userDefined": false
      }
    ],
    "isTemplate": false,
    "count": 0,
    "updated": 0
  },
  {
    "id": "dc70832e-3105-4777-aae5-796f96770d08",
    "data": [
      {
        "text": "pandemic",
        "userDefined": false
      }
    ],
    "isTemplate": false,
    "count": 0,
    "updated": 0
  },
  {
    "id": "cae8151f-b4f6-4d47-9902-b16d45e32e97",
    "data": [
      {
        "text": "what is a pandemic",
        "userDefined": false
      }
    ],
    "isTemplate": false,
    "count": 0,
    "updated": 0
  }
]