[
  {
    "id": "24729a36-d9ff-4c7e-aa0f-69f4f13479f8",
    "data": [
      {
        "text": "am i aware",
        "userDefined": false
      }
    ],
    "isTemplate": false,
    "count": 0,
    "updated": 0
  },
  {
    "id": "967f2d1b-c41e-4f97-8c8b-a95dde6236c4",
    "data": [
      {
        "text": "what should i know",
        "userDefined": false
      }
    ],
    "isTemplate": false,
    "count": 0,
    "updated": 0
  },
  {
    "id": "5ff1f8cc-1401-46c8-8dac-999f3b34ff94",
    "data": [
      {
        "text": "am i careful enough?",
        "userDefined": false
      }
    ],
    "isTemplate": false,
    "count": 0,
    "updated": 0
  },
  {
    "id": "b4ff6992-917f-4698-8882-37338b4eaa3c",
    "data": [
      {
        "text": "am i taking right care?",
        "userDefined": false
      }
    ],
    "isTemplate": false,
    "count": 0,
    "updated": 0
  },
  {
    "id": "34d47367-bce8-4891-8f0d-68fd8a55b45d",
    "data": [
      {
        "text": "Am i Safe?",
        "userDefined": false
      }
    ],
    "isTemplate": false,
    "count": 0,
    "updated": 0
  },
  {
    "id": "9cf38029-3386-445b-91f2-d88779bcd7e4",
    "data": [
      {
        "text": "How to stay safe",
        "userDefined": false
      }
    ],
    "isTemplate": false,
    "count": 0,
    "updated": 0
  },
  {
    "id": "28ba4939-085c-47a0-9cea-50a81c358363",
    "data": [
      {
        "text": "how to be safe against coronavirus?",
        "userDefined": false
      }
    ],
    "isTemplate": false,
    "count": 0,
    "updated": 0
  },
  {
    "id": "b104768f-e93e-4e36-95ff-17f5354ade64",
    "data": [
      {
        "text": "what are the precautions against coronavirus?",
        "userDefined": false
      }
    ],
    "isTemplate": false,
    "count": 0,
    "updated": 0
  }
]