[
  {
    "id": "9aa1293e-dce8-4d54-aee0-c7bc0c08cd12",
    "data": [
      {
        "text": "boy girl",
        "userDefined": false
      }
    ],
    "isTemplate": false,
    "count": 0,
    "updated": 0
  },
  {
    "id": "32469e90-9178-452d-98e0-8e8261fd2b4e",
    "data": [
      {
        "text": "i am a boy",
        "userDefined": false
      }
    ],
    "isTemplate": false,
    "count": 0,
    "updated": 0
  },
  {
    "id": "602c5b6e-b90c-4170-b5a9-1e95503400ac",
    "data": [
      {
        "text": "i am a girl",
        "userDefined": false
      }
    ],
    "isTemplate": false,
    "count": 0,
    "updated": 0
  },
  {
    "id": "dad7a80b-26b8-4f1f-aed8-69b221a04858",
    "data": [
      {
        "text": "men vs women",
        "userDefined": false
      }
    ],
    "isTemplate": false,
    "count": 0,
    "updated": 0
  },
  {
    "id": "9ab5294f-cb24-4def-886a-cafdfa6f92cb",
    "data": [
      {
        "text": "does covid affect women more",
        "userDefined": false
      }
    ],
    "isTemplate": false,
    "count": 0,
    "updated": 0
  },
  {
    "id": "754e06b6-7778-48a8-b6dd-eca6b4ed1c20",
    "data": [
      {
        "text": "does covid affect men more",
        "userDefined": false
      }
    ],
    "isTemplate": false,
    "count": 0,
    "updated": 0
  },
  {
    "id": "4617cb3e-62a5-40cf-98cd-431e42c35760",
    "data": [
      {
        "text": "i am a woman am i safe",
        "userDefined": false
      }
    ],
    "isTemplate": false,
    "count": 0,
    "updated": 0
  },
  {
    "id": "55210e89-59b7-4484-94fc-d5858576224e",
    "data": [
      {
        "text": "i am a man am i safe",
        "userDefined": false
      }
    ],
    "isTemplate": false,
    "count": 0,
    "updated": 0
  },
  {
    "id": "08fa9ad2-473b-4b0c-aa7f-c3ee6affb371",
    "data": [
      {
        "text": "im a woman",
        "userDefined": false
      }
    ],
    "isTemplate": false,
    "count": 0,
    "updated": 0
  },
  {
    "id": "3be4749b-89f2-4064-a985-3a0bdefdea54",
    "data": [
      {
        "text": "im a man",
        "userDefined": false
      }
    ],
    "isTemplate": false,
    "count": 0,
    "updated": 0
  }
]