[
  {
    "id": "85b0335b-1f3b-4a19-996d-c18be5012128",
    "data": [
      {
        "text": "will i be normal again",
        "userDefined": false
      }
    ],
    "isTemplate": false,
    "count": 0,
    "updated": 0
  },
  {
    "id": "b31dad1c-667f-47eb-a75a-8ce076df1ac5",
    "data": [
      {
        "text": "can i expect recovery",
        "userDefined": false
      }
    ],
    "isTemplate": false,
    "count": 0,
    "updated": 0
  },
  {
    "id": "20782636-f079-4c3c-994d-4034b9e77f97",
    "data": [
      {
        "text": "when will i recover if i get infected",
        "userDefined": false
      }
    ],
    "isTemplate": false,
    "count": 0,
    "updated": 0
  },
  {
    "id": "b8ea7a90-a01b-4d34-8f1e-9c8e468b4fc7",
    "data": [
      {
        "text": "will i recover soon",
        "userDefined": false
      }
    ],
    "isTemplate": false,
    "count": 0,
    "updated": 0
  },
  {
    "id": "ab672916-cf1a-4957-bb81-c6a7200c9d7e",
    "data": [
      {
        "text": "will i be okay after covid virus",
        "userDefined": false
      }
    ],
    "isTemplate": false,
    "count": 0,
    "updated": 0
  },
  {
    "id": "18cb88ea-ebb8-4a32-9c7a-d2bfd44819e9",
    "data": [
      {
        "text": "will i be okay after corona virus",
        "userDefined": false
      }
    ],
    "isTemplate": false,
    "count": 0,
    "updated": 0
  },
  {
    "id": "33a5dac7-ad36-4962-b219-c032253f59b2",
    "data": [
      {
        "text": "probability of recovery",
        "userDefined": false
      }
    ],
    "isTemplate": false,
    "count": 0,
    "updated": 0
  },
  {
    "id": "f9adffb6-9c4b-4cee-b6a8-28ef47ce5384",
    "data": [
      {
        "text": "can i recover from corona virus",
        "userDefined": false
      }
    ],
    "isTemplate": false,
    "count": 0,
    "updated": 0
  },
  {
    "id": "4f881f82-1efa-488a-a903-7e690166afa5",
    "data": [
      {
        "text": "can i recover from covid",
        "userDefined": false
      }
    ],
    "isTemplate": false,
    "count": 0,
    "updated": 0
  },
  {
    "id": "51d8f38f-b4fa-4e2e-a9dd-049235cfae84",
    "data": [
      {
        "text": "what are the chances of recovery",
        "userDefined": false
      }
    ],
    "isTemplate": false,
    "count": 0,
    "updated": 0
  }
]