[
  {
    "id": "cc362f31-d08c-46cf-8e68-7e80799965ea",
    "data": [
      {
        "text": "how far from people should i be",
        "userDefined": false
      }
    ],
    "isTemplate": false,
    "count": 0,
    "updated": 0
  },
  {
    "id": "2b082af1-0b6a-4853-80a1-548b911af591",
    "data": [
      {
        "text": "avoiding people",
        "userDefined": false
      }
    ],
    "isTemplate": false,
    "count": 0,
    "updated": 0
  },
  {
    "id": "04687dbb-3f7d-4aaf-b336-ab099044de16",
    "data": [
      {
        "text": "staying away from people",
        "userDefined": false
      }
    ],
    "isTemplate": false,
    "count": 0,
    "updated": 0
  },
  {
    "id": "a3f9a0d8-6e83-4c2a-9910-964f43ca2710",
    "data": [
      {
        "text": "maintaining distance",
        "userDefined": false
      }
    ],
    "isTemplate": false,
    "count": 0,
    "updated": 0
  },
  {
    "id": "0fb5ef48-1cbe-4e75-85c5-1b501a76ebde",
    "data": [
      {
        "text": "social distancing",
        "userDefined": false
      }
    ],
    "isTemplate": false,
    "count": 0,
    "updated": 0
  },
  {
    "id": "e8c14514-7f45-4864-a399-12e87338f58e",
    "data": [
      {
        "text": "what is social distancing",
        "userDefined": false
      }
    ],
    "isTemplate": false,
    "count": 0,
    "updated": 0
  },
  {
    "id": "8088d4a2-769e-4b67-9492-d319b1784281",
    "data": [
      {
        "text": "how much tistance to maintain",
        "userDefined": false
      }
    ],
    "isTemplate": false,
    "count": 0,
    "updated": 0
  },
  {
    "id": "17db646f-c79d-4197-85b6-48306ecf3524",
    "data": [
      {
        "text": "what distance should i keep from affected person",
        "userDefined": false
      }
    ],
    "isTemplate": false,
    "count": 0,
    "updated": 0
  },
  {
    "id": "b9f199a9-018f-41f0-b83b-c2ffff78edac",
    "data": [
      {
        "text": "What is the ideal social distance?",
        "userDefined": false
      }
    ],
    "isTemplate": false,
    "count": 0,
    "updated": 0
  }
]