[
  {
    "id": "1c109f4d-8af7-4a2b-8508-f52283dfb7da",
    "data": [
      {
        "text": "is it safe outside",
        "userDefined": false
      }
    ],
    "isTemplate": false,
    "count": 0,
    "updated": 0
  },
  {
    "id": "1afe3906-3e4f-4872-b14a-6a3598781ffb",
    "data": [
      {
        "text": "should i stay indoor",
        "userDefined": false
      }
    ],
    "isTemplate": false,
    "count": 0,
    "updated": 0
  },
  {
    "id": "da45bae2-e4bc-4d34-888e-2e7669b745a9",
    "data": [
      {
        "text": "stay at home",
        "userDefined": false
      }
    ],
    "isTemplate": false,
    "count": 0,
    "updated": 0
  },
  {
    "id": "7b14391f-9436-4a7a-919d-6b3d6ee541fb",
    "data": [
      {
        "text": "i am outdoor",
        "userDefined": false
      }
    ],
    "isTemplate": false,
    "count": 0,
    "updated": 0
  },
  {
    "id": "c1a42be3-20fe-4a01-951e-27ba71f646ec",
    "data": [
      {
        "text": "i am out",
        "userDefined": false
      }
    ],
    "isTemplate": false,
    "count": 0,
    "updated": 0
  },
  {
    "id": "62d6e66c-410a-42a7-bb78-97bcd4ee9312",
    "data": [
      {
        "text": "i am outside",
        "userDefined": false
      }
    ],
    "isTemplate": false,
    "count": 0,
    "updated": 0
  },
  {
    "id": "aeff2e3c-b497-4b06-8ac7-33c7d654fa27",
    "data": [
      {
        "text": "can i go out",
        "userDefined": false
      }
    ],
    "isTemplate": false,
    "count": 0,
    "updated": 0
  },
  {
    "id": "96cc44e1-fcb4-4196-a08b-e7b4b0efcf30",
    "data": [
      {
        "text": "should i go outside",
        "userDefined": false
      }
    ],
    "isTemplate": false,
    "count": 0,
    "updated": 0
  },
  {
    "id": "d548ed61-7b3f-490a-9aa4-74c0704fa701",
    "data": [
      {
        "text": "should i stay at home",
        "userDefined": false
      }
    ],
    "isTemplate": false,
    "count": 0,
    "updated": 0
  },
  {
    "id": "061b0fe8-6e2c-478a-b6dc-8d22664591eb",
    "data": [
      {
        "text": "Is it important that i stay home?",
        "userDefined": false
      }
    ],
    "isTemplate": false,
    "count": 0,
    "updated": 0
  }
]