[
  {
    "id": "ced87543-0d75-4c49-8c20-b1e41990eadd",
    "data": [
      {
        "text": "how to find out if i have covid",
        "userDefined": false
      }
    ],
    "isTemplate": false,
    "count": 0,
    "updated": 0
  },
  {
    "id": "b3684043-ae3d-4740-bce1-ee135f370a88",
    "data": [
      {
        "text": "can you tell me the symptoms of covid",
        "userDefined": false
      }
    ],
    "isTemplate": false,
    "count": 0,
    "updated": 0
  },
  {
    "id": "92246539-ecf7-4b47-8528-b88559408116",
    "data": [
      {
        "text": "can you tell me the symptoms of corona virus",
        "userDefined": false
      }
    ],
    "isTemplate": false,
    "count": 0,
    "updated": 0
  },
  {
    "id": "b99fcddd-81cb-47e1-aea5-3db510c63e4f",
    "data": [
      {
        "text": "what are the symptoms of corona virus",
        "userDefined": false
      }
    ],
    "isTemplate": false,
    "count": 0,
    "updated": 0
  },
  {
    "id": "5b194f61-5bb0-4548-9370-97d369787e91",
    "data": [
      {
        "text": "what are the symptoms of covid",
        "userDefined": false
      }
    ],
    "isTemplate": false,
    "count": 0,
    "updated": 0
  },
  {
    "id": "06a43b9f-18f4-4872-9313-30410a2c49b0",
    "data": [
      {
        "text": "how to identify corona virus",
        "userDefined": false
      }
    ],
    "isTemplate": false,
    "count": 0,
    "updated": 0
  },
  {
    "id": "7d4cd580-f9ce-4970-a56d-ce12caf06668",
    "data": [
      {
        "text": "how to identify covid",
        "userDefined": false
      }
    ],
    "isTemplate": false,
    "count": 0,
    "updated": 0
  },
  {
    "id": "1d126d4d-e3d3-4572-8d4d-b6c71532efb7",
    "data": [
      {
        "text": "symptoms",
        "userDefined": false
      }
    ],
    "isTemplate": false,
    "count": 0,
    "updated": 0
  },
  {
    "id": "42e5f536-081e-44a5-bebe-704cd5d4400f",
    "data": [
      {
        "text": "what are the symptoms",
        "userDefined": false
      }
    ],
    "isTemplate": false,
    "count": 0,
    "updated": 0
  }
]