[
  {
    "id": "e7cbbf3f-b699-4697-8445-e41b02b4a945",
    "data": [
      {
        "text": "okay",
        "userDefined": false
      }
    ],
    "isTemplate": false,
    "count": 0,
    "updated": 0
  },
  {
    "id": "9e35a39c-3a9a-4fb1-9990-752dccfe1001",
    "data": [
      {
        "text": "k",
        "userDefined": false
      }
    ],
    "isTemplate": false,
    "count": 0,
    "updated": 0
  },
  {
    "id": "b53894fb-6ff3-40ef-9bc4-4db371a02937",
    "data": [
      {
        "text": "got it",
        "userDefined": false
      }
    ],
    "isTemplate": false,
    "count": 0,
    "updated": 0
  },
  {
    "id": "e31d34ef-7e07-4c86-aa2c-51571c765c3e",
    "data": [
      {
        "text": "right",
        "userDefined": false
      }
    ],
    "isTemplate": false,
    "count": 0,
    "updated": 0
  },
  {
    "id": "53f64975-6d20-451c-9f35-8b8ff942be96",
    "data": [
      {
        "text": "alright",
        "userDefined": false
      }
    ],
    "isTemplate": false,
    "count": 0,
    "updated": 0
  },
  {
    "id": "c88eb3dc-14d6-4e23-a5dd-3166dc376900",
    "data": [
      {
        "text": "cool",
        "userDefined": false
      }
    ],
    "isTemplate": false,
    "count": 0,
    "updated": 0
  },
  {
    "id": "391876f7-e430-4e1f-83e9-e95b3f16a399",
    "data": [
      {
        "text": "what more",
        "userDefined": false
      }
    ],
    "isTemplate": false,
    "count": 0,
    "updated": 0
  },
  {
    "id": "ffe933b3-562c-4cc5-b1d5-d09af6c3dae5",
    "data": [
      {
        "text": "ok",
        "userDefined": false
      }
    ],
    "isTemplate": false,
    "count": 0,
    "updated": 0
  }
]