[
  {
    "id": "19b9a049-42a7-490f-b61b-7a63b0875aca",
    "data": [
      {
        "text": "do you know anything?",
        "userDefined": false
      }
    ],
    "isTemplate": false,
    "count": 0,
    "updated": 0
  },
  {
    "id": "850bd4a6-1812-40ba-b049-e35b2176391f",
    "data": [
      {
        "text": "i dont need you",
        "userDefined": false
      }
    ],
    "isTemplate": false,
    "count": 0,
    "updated": 0
  },
  {
    "id": "7d4c0689-cf87-4e6d-956c-47f373b84107",
    "data": [
      {
        "text": "useless",
        "userDefined": false
      }
    ],
    "isTemplate": false,
    "count": 0,
    "updated": 0
  },
  {
    "id": "cd1be67d-a8e0-4cc8-aa94-03e5d716bbe1",
    "data": [
      {
        "text": "you don\u0027t know anything",
        "userDefined": false
      }
    ],
    "isTemplate": false,
    "count": 0,
    "updated": 0
  },
  {
    "id": "6868d873-02db-40e4-9014-a4d07ed36fc6",
    "data": [
      {
        "text": "you are useless",
        "userDefined": false
      }
    ],
    "isTemplate": false,
    "count": 0,
    "updated": 0
  },
  {
    "id": "364d5a20-6d8d-45de-a98c-d3e1ad101840",
    "data": [
      {
        "text": "i am wasting your time",
        "userDefined": false
      }
    ],
    "isTemplate": false,
    "count": 0,
    "updated": 0
  },
  {
    "id": "e3bdf4c6-ae24-4899-94e5-c2ba24922353",
    "data": [
      {
        "text": "i am passing time",
        "userDefined": false
      }
    ],
    "isTemplate": false,
    "count": 0,
    "updated": 0
  },
  {
    "id": "05f9018f-806e-49ff-971f-9582b3b4f4ea",
    "data": [
      {
        "text": "i have nothing to do",
        "userDefined": false
      }
    ],
    "isTemplate": false,
    "count": 0,
    "updated": 0
  },
  {
    "id": "9b230b49-cc76-4cb0-9308-96afd0a67d55",
    "data": [
      {
        "text": "im bored",
        "userDefined": false
      }
    ],
    "isTemplate": false,
    "count": 0,
    "updated": 0
  }
]