[
  {
    "id": "bd4b0a4f-ccee-4677-9b63-c601aa84a8ae",
    "data": [
      {
        "text": "why is it not stopping",
        "userDefined": false
      }
    ],
    "isTemplate": false,
    "count": 0,
    "updated": 0
  },
  {
    "id": "2679d3f5-f683-492e-a340-20d02b26d3f2",
    "data": [
      {
        "text": "reason for spread",
        "userDefined": false
      }
    ],
    "isTemplate": false,
    "count": 0,
    "updated": 0
  },
  {
    "id": "d6216811-4719-4174-b282-e14503dc8a90",
    "data": [
      {
        "text": "how is virus growing",
        "userDefined": false
      }
    ],
    "isTemplate": false,
    "count": 0,
    "updated": 0
  },
  {
    "id": "507579bd-1ee5-4cba-a5e8-abefe5aebd70",
    "data": [
      {
        "text": "primary reason for its growth",
        "userDefined": false
      }
    ],
    "isTemplate": false,
    "count": 0,
    "updated": 0
  },
  {
    "id": "9bf4f640-e1ed-4ddb-a83d-60dceb432303",
    "data": [
      {
        "text": "how does it spread",
        "userDefined": false
      }
    ],
    "isTemplate": false,
    "count": 0,
    "updated": 0
  },
  {
    "id": "3fc56c8f-e3c9-4776-87d0-e46557b91a7e",
    "data": [
      {
        "text": "how does it grow",
        "userDefined": false
      }
    ],
    "isTemplate": false,
    "count": 0,
    "updated": 0
  },
  {
    "id": "1772cbd4-3795-47d0-bcb0-5a146c63ed0a",
    "data": [
      {
        "text": "how does corona virus grow",
        "userDefined": false
      }
    ],
    "isTemplate": false,
    "count": 0,
    "updated": 0
  },
  {
    "id": "6fe5fc08-5ea4-4416-af95-7c79f1c9a9c6",
    "data": [
      {
        "text": "how does covid grow",
        "userDefined": false
      }
    ],
    "isTemplate": false,
    "count": 0,
    "updated": 0
  },
  {
    "id": "b2a833b9-5fab-421f-8a8f-d794dc67703b",
    "data": [
      {
        "text": "how does covid spread",
        "userDefined": false
      }
    ],
    "isTemplate": false,
    "count": 0,
    "updated": 0
  },
  {
    "id": "f3dd52e5-854b-48b4-967c-1b4949de5e83",
    "data": [
      {
        "text": "how does the virus spread",
        "userDefined": false
      }
    ],
    "isTemplate": false,
    "count": 0,
    "updated": 0
  }
]