[
  {
    "id": "512393a9-ff1b-4970-a9df-715b7fc8174c",
    "data": [
      {
        "text": "end",
        "userDefined": false
      }
    ],
    "isTemplate": false,
    "count": 0,
    "updated": 0
  },
  {
    "id": "6a8e3b18-8a86-4053-b25f-d9155150ce81",
    "data": [
      {
        "text": "end date",
        "userDefined": false
      }
    ],
    "isTemplate": false,
    "count": 0,
    "updated": 0
  },
  {
    "id": "890a89b7-4a69-474f-aadc-890f90aa6b3a",
    "data": [
      {
        "text": "when will virus stop",
        "userDefined": false
      }
    ],
    "isTemplate": false,
    "count": 0,
    "updated": 0
  },
  {
    "id": "23ce86b4-d577-42ec-881a-613cf9efcd0a",
    "data": [
      {
        "text": "when will corona stop",
        "userDefined": false
      }
    ],
    "isTemplate": false,
    "count": 0,
    "updated": 0
  },
  {
    "id": "e17a8191-f864-41f3-99a8-9d3d6d7ec147",
    "data": [
      {
        "text": "when will covid stop",
        "userDefined": false
      }
    ],
    "isTemplate": false,
    "count": 0,
    "updated": 0
  },
  {
    "id": "49df01c8-01b5-4807-9ca1-f8f3a7a8190f",
    "data": [
      {
        "text": "when will things be normal",
        "userDefined": false
      }
    ],
    "isTemplate": false,
    "count": 0,
    "updated": 0
  },
  {
    "id": "058d3a7c-813a-4608-8c20-6a8debc3262c",
    "data": [
      {
        "text": "is it permanent",
        "userDefined": false
      }
    ],
    "isTemplate": false,
    "count": 0,
    "updated": 0
  },
  {
    "id": "593f5b9f-9a8a-4fdd-872b-57e958c6125b",
    "data": [
      {
        "text": "will will this stop",
        "userDefined": false
      }
    ],
    "isTemplate": false,
    "count": 0,
    "updated": 0
  },
  {
    "id": "91d96733-d639-4f4a-9c3f-dbbc03aa025f",
    "data": [
      {
        "text": "when will this end",
        "userDefined": false
      }
    ],
    "isTemplate": false,
    "count": 0,
    "updated": 0
  }
]