[
  {
    "id": "c67557e2-9a59-4275-bda1-193830fb1e8b",
    "data": [
      {
        "text": "did you develop this website",
        "userDefined": false
      }
    ],
    "isTemplate": false,
    "count": 0,
    "updated": 0
  },
  {
    "id": "d235c349-bd23-48b0-8c99-c1acf777a7d3",
    "data": [
      {
        "text": "did you make this website",
        "userDefined": false
      }
    ],
    "isTemplate": false,
    "count": 0,
    "updated": 0
  },
  {
    "id": "49ab3358-b15f-4b78-9dd8-81de38cacc71",
    "data": [
      {
        "text": "who built this website",
        "userDefined": false
      }
    ],
    "isTemplate": false,
    "count": 0,
    "updated": 0
  },
  {
    "id": "2d91df27-648b-4de9-bba9-abf180543822",
    "data": [
      {
        "text": "who are the creators of this website",
        "userDefined": false
      }
    ],
    "isTemplate": false,
    "count": 0,
    "updated": 0
  },
  {
    "id": "38115256-b4d8-4d98-9746-7a590e5d4848",
    "data": [
      {
        "text": "who are the developers",
        "userDefined": false
      }
    ],
    "isTemplate": false,
    "count": 0,
    "updated": 0
  },
  {
    "id": "2083a727-86bf-43a5-8c23-da80d9d6b65e",
    "data": [
      {
        "text": "who developed this website",
        "userDefined": false
      }
    ],
    "isTemplate": false,
    "count": 0,
    "updated": 0
  },
  {
    "id": "0cb5af75-a67d-42b7-bbd0-510775bddded",
    "data": [
      {
        "text": "who made this website",
        "userDefined": false
      }
    ],
    "isTemplate": false,
    "count": 0,
    "updated": 0
  },
  {
    "id": "950ac315-996e-4988-a4c7-cd7e58621027",
    "data": [
      {
        "text": "whos website is this",
        "userDefined": false
      }
    ],
    "isTemplate": false,
    "count": 0,
    "updated": 0
  }
]