[
  {
    "id": "c064752b-1015-4d7e-8df5-fcd10c540e31",
    "data": [
      {
        "text": "is that right?",
        "userDefined": false
      }
    ],
    "isTemplate": false,
    "count": 0,
    "updated": 0
  },
  {
    "id": "27a108b8-2baf-4256-a32b-8749b86d3d8c",
    "data": [
      {
        "text": "are you correct?",
        "userDefined": false
      }
    ],
    "isTemplate": false,
    "count": 0,
    "updated": 0
  },
  {
    "id": "f9e29765-ceee-409c-b011-0c666eaaac43",
    "data": [
      {
        "text": "are you giving me the right information",
        "userDefined": false
      }
    ],
    "isTemplate": false,
    "count": 0,
    "updated": 0
  },
  {
    "id": "ff712417-077f-4957-bc73-fd3c788b0901",
    "data": [
      {
        "text": "is the information trusted?",
        "userDefined": false
      }
    ],
    "isTemplate": false,
    "count": 0,
    "updated": 0
  },
  {
    "id": "c93eab2e-6f9d-4e8d-b3d9-8bba499047de",
    "data": [
      {
        "text": "is the information correct",
        "userDefined": false
      }
    ],
    "isTemplate": false,
    "count": 0,
    "updated": 0
  },
  {
    "id": "438934b1-8ded-4e19-bcab-a8239be58986",
    "data": [
      {
        "text": "is the information right",
        "userDefined": false
      }
    ],
    "isTemplate": false,
    "count": 0,
    "updated": 0
  },
  {
    "id": "670d9e41-4712-4c16-904d-1106b2122b7e",
    "data": [
      {
        "text": "Can i trust you?",
        "userDefined": false
      }
    ],
    "isTemplate": false,
    "count": 0,
    "updated": 0
  }
]