[
  {
    "id": "331ec3c4-8a68-4e6d-b852-3e0d7360a814",
    "data": [
      {
        "text": "what does quarantine mean",
        "userDefined": false
      }
    ],
    "isTemplate": false,
    "count": 1,
    "updated": 0
  },
  {
    "id": "cab03aa4-74aa-4b05-86c2-3696429c2c43",
    "data": [
      {
        "text": "meaning of quarantine",
        "userDefined": false
      }
    ],
    "isTemplate": false,
    "count": 0,
    "updated": 0
  },
  {
    "id": "fd3d2860-6d52-458a-9688-3759efdfa855",
    "data": [
      {
        "text": "quarantine meaning",
        "userDefined": false
      }
    ],
    "isTemplate": false,
    "count": 0,
    "updated": 0
  },
  {
    "id": "6a95e315-2c76-40ff-b3ed-f3107419ea70",
    "data": [
      {
        "text": "what is quarantine",
        "userDefined": false
      }
    ],
    "isTemplate": false,
    "count": 0,
    "updated": 0
  }
]