[
  {
    "id": "b0957469-eb64-4fec-80fd-db330d15e1e1",
    "data": [
      {
        "text": "is corona virus dangerous",
        "userDefined": false
      }
    ],
    "isTemplate": false,
    "count": 0,
    "updated": 0
  },
  {
    "id": "a703e77a-d84d-4215-a109-d2efa4df976f",
    "data": [
      {
        "text": "is covid dangerous",
        "userDefined": false
      }
    ],
    "isTemplate": false,
    "count": 0,
    "updated": 0
  },
  {
    "id": "f7214d7f-a27e-45eb-9dab-5b3d28a9c6cc",
    "data": [
      {
        "text": "im old",
        "userDefined": false
      }
    ],
    "isTemplate": false,
    "count": 0,
    "updated": 0
  },
  {
    "id": "b24ed141-6ea2-4608-a171-bfed2e0f6cd6",
    "data": [
      {
        "text": "does covid affect only old people?",
        "userDefined": false
      }
    ],
    "isTemplate": false,
    "count": 0,
    "updated": 0
  },
  {
    "id": "8fcdef33-246b-4b9f-9478-bac362d9960e",
    "data": [
      {
        "text": "will covid affect kids",
        "userDefined": false
      }
    ],
    "isTemplate": false,
    "count": 0,
    "updated": 0
  },
  {
    "id": "331f84ad-2ed9-4cfb-a9d8-2321fbd938ff",
    "data": [
      {
        "text": "are kids in danger",
        "userDefined": false
      }
    ],
    "isTemplate": false,
    "count": 0,
    "updated": 0
  },
  {
    "id": "6fbb4c58-b7c6-40fc-a9b3-6153454f7b0c",
    "data": [
      {
        "text": "are children safe",
        "userDefined": false
      }
    ],
    "isTemplate": false,
    "count": 0,
    "updated": 0
  },
  {
    "id": "161a033f-76bf-4273-8353-8711e26e71ef",
    "data": [
      {
        "text": "im not old, am i safe?",
        "userDefined": false
      }
    ],
    "isTemplate": false,
    "count": 0,
    "updated": 0
  },
  {
    "id": "558f1f29-a61b-41dd-b06f-8e4ee33c11b8",
    "data": [
      {
        "text": "i am young",
        "userDefined": false
      }
    ],
    "isTemplate": false,
    "count": 0,
    "updated": 0
  },
  {
    "id": "2a492346-158f-4ebc-8330-bcceaec07c34",
    "data": [
      {
        "text": "i am young will covid affect me",
        "userDefined": false
      }
    ],
    "isTemplate": false,
    "count": 0,
    "updated": 0
  }
]